{
  "before_neural": {
    "simple_scenario": {
      "description": "Single snake, minimal board",
      "iterations": 10,
      "successes": 10,
      "failures": 0,
      "times_ms": [
        9.51024099958886,
        9.404964001078042,
        9.646676999182091,
        7.250155998917762,
        6.869692999316612,
        7.323722998989979,
        7.744311998976627,
        7.883964000939159,
        8.717886001250008,
        8.230993998949998
      ],
      "avg_time_ms": 8.258260999718914,
      "median_time_ms": 8.057478999944578,
      "min_time_ms": 6.869692999316612,
      "max_time_ms": 9.646676999182091,
      "std_dev_ms": 1.013469244732973,
      "success_rate": 100.0
    },
    "complex_scenario": {
      "description": "Multi-snake, complex board",
      "iterations": 10,
      "successes": 10,
      "failures": 0,
      "times_ms": [
        7.883452999521978,
        9.2108000008011,
        8.272412000223994,
        8.356688998901518,
        8.184577000065474,
        6.4602450001984835,
        7.383666999885463,
        8.14068399995449,
        7.518338999943808,
        7.097830999555299
      ],
      "avg_time_ms": 7.850869699905161,
      "median_time_ms": 8.012068499738234,
      "min_time_ms": 6.4602450001984835,
      "max_time_ms": 9.2108000008011,
      "std_dev_ms": 0.7680520402347492,
      "success_rate": 100.0
    },
    "neural_stress_test": {
      "description": "Designed to stress neural network pipeline",
      "iterations": 10,
      "successes": 10,
      "failures": 0,
      "times_ms": [
        7.25213999976404,
        7.084316001055413,
        6.637978998696781,
        7.867702999647008,
        6.673545000012382,
        7.58855000094627,
        7.631120000951341,
        7.312353000088478,
        9.9033580008836,
        8.814417000394315
      ],
      "avg_time_ms": 7.676548100243963,
      "median_time_ms": 7.450451500517374,
      "min_time_ms": 6.637978998696781,
      "max_time_ms": 9.9033580008836,
      "std_dev_ms": 1.0026584499092297,
      "success_rate": 100.0
    }
  },
  "after_neural": {},
  "comparison": {},
  "validation_timestamp": "2025-11-12T19:08:11.171935"
}