{
  "validation_timestamp": "2025-11-13T21:47:01.946695",
  "overall_average_ms": 2061.8406613667808,
  "overall_std_ms": 10.536015508416746,
  "scenarios": {
    "simple_scenario": {
      "response_times": [
        2059.8349571228027,
        2039.505958557129,
        2059.9570274353027,
        2048.9110946655273,
        2053.3087253570557,
        2070.570230484009,
        2046.851396560669,
        2072.7193355560303,
        2049.482822418213,
        2063.758134841919,
        2067.4455165863037,
        2058.6206912994385,
        2059.7984790802,
        2068.5176849365234,
        2058.51411819458
      ],
      "average": 2058.519744873047,
      "median": 2059.7984790802,
      "min": 2039.505958557129,
      "max": 2072.7193355560303,
      "std_dev": 9.479955301230419,
      "success_rate": 100.0
    },
    "complex_scenario": {
      "response_times": [
        2053.907871246338,
        2061.593770980835,
        2048.7704277038574,
        2065.1090145111084,
        2074.012517929077,
        2069.17667388916,
        2084.594488143921,
        2054.3107986450195,
        2071.9761848449707,
        2058.2799911499023,
        2061.9423389434814,
        2082.4427604675293,
        2069.2498683929443,
        2051.5778064727783,
        2070.479154586792
      ],
      "average": 2065.161577860514,
      "median": 2065.1090145111084,
      "min": 2048.7704277038574,
      "max": 2084.594488143921,
      "std_dev": 10.79084511147294,
      "success_rate": 100.0
    }
  },
  "target_8_6ms_met": false,
  "coefficient_of_variation": 0.5110004718518109
}